{"cameraMode":{"drawMode":0,"name":"Shaded","section":"Shading Mode"},"sceneLighting":false,"audioPlay":false,"sceneViewState":{"showFog":true,"showMaterialUpdate":false,"showSkybox":true,"showFlares":true,"showImageEffects":true,"showParticleSystems":true},"in2DMode":false,"pivot":{"x":858.7590942382813,"y":849.5693359375,"z":-13.9398193359375},"rotation":{"x":-0.04226362705230713,"y":0.03955099731683731,"z":-0.0016738735139369965,"w":-0.9983219504356384},"size":1652.1640625,"orthographic":false}