{"cameraMode":{"drawMode":0,"name":"Shaded","section":"Shading Mode"},"sceneLighting":false,"audioPlay":false,"sceneViewState":{"showFog":true,"showMaterialUpdate":false,"showSkybox":true,"showFlares":true,"showImageEffects":true,"showParticleSystems":true},"in2DMode":false,"pivot":{"x":-1.2822256088256837,"y":3.935580253601074,"z":-3.5634336471557619},"rotation":{"x":-0.05577573552727699,"y":0.012577436864376068,"z":-0.0006987117230892181,"w":-0.9983638525009155},"size":22.0,"orthographic":false}